sigma,lse,nsga2,tikhonov
0.0,56.47393792995937,163.47038534749322,624.8819311133363
0.0001,56.507613435960174,166.4311615821841,624.8928247066954
0.001,68.87218655390123,190.70290065617343,624.7855911464723
0.001,134.00463281674928,116.7398610643772,625.3608172780566
0.1,6137.849759622951,242.5047013043361,642.4624690117804
1.0,9209.15816433052,320.5029854977438,896.5839670840256
