sigma,lse,nsga2,tikhonov,tikhonov_nsga
0.0,56.52400529678607,682.8507795384111,56.36879108561825,37.119051222088174
