sigma,lse,nsga2,l_curve,nsga2_l_curve
0.0,56.51376202379796,54.21551422011423,56.37409246090188,56.402502297894145
0.0001,58.47453311090985,52.80428018771313,56.362716375945,55.644824831574795
0.001,184.74133991149824,55.97952880756901,57.08401251031579,56.88415761400936
0.01,1723.4628163325156,49.42028857081389,61.867135009668836,120.09324767407136
0.1,7403.719064291971,68.52409778941272,133.89980439390936,630.857861028144
1.0,11810.09049226792,554.9037265563544,685.2302786082657,1105.6157421453258
