sigma,lse,nsga2,tikhonov
0.0,56.57475492365667,92.21059452675978,624.9077929081784
0.0001,73.0946321491397,157.39878201637424,624.9435291159808
0.001,557.6567545561259,157.5908541901652,624.6947392546631
0.001,370.88237238846966,191.29031574686346,624.512522028783
0.1,8640.958092941939,195.83042721041676,620.7326672659887
1.0,12413.312220280237,435.32409171780284,829.625972437334
