sigma,lse,nsga2,tikhonov
0.0,56.487807492208894,187.56090427331924,624.8777449373666
0.0001,58.84904187759785,184.69744330467384,624.8846094275609
0.001,157.46561358016913,188.00440456401543,624.9157862043326
0.01,1341.3878108227777,194.5369666292325,625.3161845730527
0.1,5810.580595551763,194.80623529330916,650.6139275282476
1.0,10651.176727067012,393.94398342633724,1057.3830532564325
