sigma,lsq,nsga2,tikhonov
0.0,1130.5204890638233,3007.5065229795127,12498.080290725693
0.0001,1250.2833152650926,3194.35697647244,12497.976831871
0.001,4564.42593311127,2963.757896704049,12495.693201145055
0.01,41417.64070912076,2954.768272130222,12491.981394482476
0.1,138742.20556849978,3558.72345123991,12640.516692105955
1.0,245284.24043373283,11234.383888410495,28416.827022996466
