sigma,lse,nsga2,tikhonov,tikhonov_nsga
0.0,56.45534330849218,167.12578872546808,56.37236616130239,30.18513192653696
0.0001,56.61125332548136,174.43084049590678,56.34107700583273,34.82110130919628
0.001,70.70501297674927,243.71801042621502,56.22702050669053,30.204438247433536
0.01,428.58560793408606,224.4521542216268,58.50998688069892,39.126682223260715
