sigma,lse,nsga2,tikhonov,tikhonov_nsga
0.0,56.4626820839775,554.088476750079,56.36729621799175,42.172751973129614
0.0001,57.051852516300315,554.088476750079,56.352437583979416,38.80454669662343
0.001,109.13361035450271,614.8168300295455,56.4055839011787,34.5237113539365
0.01,934.548108569956,554.088476750079,65.57695568276134,58.04139824453895
0.1,5576.015040793138,575.362541155244,146.40336224314643,149.27329416545766
1.0,10373.19481440095,626.4580221309606,586.3985765980393,592.4927450572702
