sigma,lse,nsga2,tikhonov,tikhonov_nsga
0.0,56.48360891301057,191.3504240336883,56.367493495837074,78.23683219513403
0.0001,56.48502736121691,200.72675017736168,56.38429124459422,76.00596882887987
0.001,63.181785216859666,209.9126734657278,57.35511201493451,74.7336552539977
0.01,302.01471041262505,192.79309528857954,62.16396817370564,87.35369870562297
0.1,2732.701083906692,213.33963510953035,172.87054054736646,174.32721941855672
1.0,8903.79685391286,416.8685318584895,710.5086441452638,768.5577312955247
