sigma,lse,nsga2,tikhonov,tikhonov_nsga
0.0,56.452387193203336,680.8247182967624,56.370219067111805,32.09502980535366
0.0001,58.50521667128406,680.8260438435966,56.37417031725836,34.79110010108241
0.001,161.51455819168186,680.8255005898509,56.433340511534595,37.21448886696544
0.01,1474.0073716952795,680.8235191621972,59.29727439347361,42.86852429749938
0.1,6928.5464691828965,680.7357638019892,118.77750580954316,113.03555060841077
1.0,11499.534413623986,677.9405994011734,579.6598905864428,566.875682745497
